pair,function,method,step,lmax,step_label,n_src,n_tgt,h_src,h_tgt,area_rel_l2,rel_l2,linf,source_integral,target_pred_integral,target_truth_integral,conservation_abs_error_vs_source,target_integral_abs_error_vs_truth,h_max,h_min
ICOD-r16_to_CS-r16,smooth1,tempest,-1,-1,tempest,2562,1536,0.07003503810937581,0.09045015681978345,0.00091197130534636,0.0008980363524983228,0.006230233408096031,12.566371546358079,12.566371546358077,12.566370614359172,1.7763568394002505e-15,9.319989047185118e-07,0.09045015681978345,0.07003503810937581
ICOD-r16_to_CS-r16,smooth1,irno,0,0,base,2562,1536,0.07003503810937581,0.09045015681978345,0.0015693039100933357,0.0015612480120169407,0.006764923142811297,12.566371546358079,12.566371679615624,12.566370614359172,1.3325754544268875e-07,1.0652564519375574e-06,0.09045015681978345,0.07003503810937581
ICOD-r16_to_CS-r16,smooth1,irno,1,8,corrected_lmax8,2562,1536,0.07003503810937581,0.09045015681978345,0.0015186673517759625,0.0015109551913056742,0.00647834811770287,12.566371546358079,12.566371671500534,12.566370614359172,1.2514245462114104e-07,1.0571413611160096e-06,0.09045015681978345,0.07003503810937581
ICOD-r16_to_CS-r16,smooth1,irno,2,16,corrected_lmax16,2562,1536,0.07003503810937581,0.09045015681978345,0.0014676601655898905,0.0014600245720036017,0.006136705175628254,12.566371546358079,12.566371720614622,12.566370614359172,1.7425654341707286e-07,1.1062554499119415e-06,0.09045015681978345,0.07003503810937581
ICOD-r16_to_CS-r16,smooth1,irno,3,24,corrected_lmax24,2562,1536,0.07003503810937581,0.09045015681978345,0.0014189604980808304,0.0014109903934913456,0.00611918027785785,12.566371546358079,12.566371670611861,12.566370614359172,1.2425378237423956e-07,1.0562526888691082e-06,0.09045015681978345,0.07003503810937581
ICOD-r16_to_CS-r16,smooth2,tempest,-1,-1,tempest,2562,1536,0.07003503810937581,0.09045015681978345,0.0009379645938807886,0.0009382427645748394,0.0038297384127381484,13.23117441330631,13.231174413306311,13.231171152281537,1.7763568394002505e-15,3.2610247746589494e-06,0.09045015681978345,0.07003503810937581
ICOD-r16_to_CS-r16,smooth2,irno,0,0,base,2562,1536,0.07003503810937581,0.09045015681978345,0.0016699212335226116,0.0016822836875524207,0.008242831580372867,13.23117441330631,13.231174560866535,13.231171152281537,1.4756022537198987e-07,3.4085849982545824e-06,0.09045015681978345,0.07003503810937581
ICOD-r16_to_CS-r16,smooth2,irno,1,8,corrected_lmax8,2562,1536,0.07003503810937581,0.09045015681978345,0.0016047047002219201,0.0016163840689557623,0.007752307566740058,13.23117441330631,13.231174551120557,13.231171152281537,1.3781424712533408e-07,3.3988390200079266e-06,0.09045015681978345,0.07003503810937581
ICOD-r16_to_CS-r16,smooth2,irno,2,16,corrected_lmax16,2562,1536,0.07003503810937581,0.09045015681978345,0.0015392364306966626,0.001549895241752914,0.007230020842146745,13.23117441330631,13.231174599804966,13.231171152281537,1.8649865651809705e-07,3.4475234294006896e-06,0.09045015681978345,0.07003503810937581
ICOD-r16_to_CS-r16,smooth2,irno,3,24,corrected_lmax24,2562,1536,0.07003503810937581,0.09045015681978345,0.0014770740358460571,0.0014862533216205656,0.006689650917501178,13.23117441330631,13.231174547949196,13.231171152281537,1.3464288706188654e-07,3.395667659944479e-06,0.09045015681978345,0.07003503810937581
ICOD-r16_to_CS-r16,x,tempest,-1,-1,tempest,2562,1536,0.07003503810937581,0.09045015681978345,0.0026843385997908703,0.0026795770317210475,0.00517512505114507,-4.440892098500626e-16,-8.881784197001252e-16,-5.551115123125783e-16,4.440892098500626e-16,3.3306690738754696e-16,0.09045015681978345,0.07003503810937581
ICOD-r16_to_CS-r16,x,irno,0,0,base,2562,1536,0.07003503810937581,0.09045015681978345,0.004964274156912673,0.004966924046704721,0.011821340764527066,-4.440892098500626e-16,8.439928311787526e-09,-5.551115123125783e-16,8.439928755876736e-09,8.439928866899038e-09,0.09045015681978345,0.07003503810937581
ICOD-r16_to_CS-r16,x,irno,1,8,corrected_lmax8,2562,1536,0.07003503810937581,0.09045015681978345,0.004747771788635547,0.004751045794793814,0.011295337255467164,-4.440892098500626e-16,5.3172034553128356e-09,-5.551115123125783e-16,5.317203899402045e-09,5.317204010424348e-09,0.09045015681978345,0.07003503810937581
ICOD-r16_to_CS-r16,x,irno,2,16,corrected_lmax16,2562,1536,0.07003503810937581,0.09045015681978345,0.004529387635567756,0.004532347804002426,0.01072180729276112,-4.440892098500626e-16,1.917284458974322e-08,-5.551115123125783e-16,1.917284503383243e-08,1.9172845144854733e-08,0.09045015681978345,0.07003503810937581
ICOD-r16_to_CS-r16,x,irno,3,24,corrected_lmax24,2562,1536,0.07003503810937581,0.09045015681978345,0.004322094600842848,0.004323386645764915,0.010165545095217193,-4.440892098500626e-16,2.8026256870816724e-09,-5.551115123125783e-16,2.8026261311708822e-09,2.8026262421931847e-09,0.09045015681978345,0.07003503810937581
ICOD-r16_to_CS-r16,y,tempest,-1,-1,tempest,2562,1536,0.07003503810937581,0.09045015681978345,0.0027150824677552375,0.0027179102724284405,0.0047424189769254554,1.1102230246251565e-16,2.220446049250313e-16,2.220446049250313e-16,1.1102230246251565e-16,0.0,0.09045015681978345,0.07003503810937581
ICOD-r16_to_CS-r16,y,irno,0,0,base,2562,1536,0.07003503810937581,0.09045015681978345,0.0050379478519733106,0.005078642499192914,0.011565704102719648,1.1102230246251565e-16,-1.990190900968969e-08,2.220446049250313e-16,1.990190912071199e-08,1.9901909231734294e-08,0.09045015681978345,0.07003503810937581
ICOD-r16_to_CS-r16,y,irno,1,8,corrected_lmax8,2562,1536,0.07003503810937581,0.09045015681978345,0.004834364904092825,0.004876097427762167,0.011058849984744101,1.1102230246251565e-16,-7.245424260560185e-09,2.220446049250313e-16,7.245424371582487e-09,7.24542448260479e-09,0.09045015681978345,0.07003503810937581
ICOD-r16_to_CS-r16,y,irno,2,16,corrected_lmax16,2562,1536,0.07003503810937581,0.09045015681978345,0.004630617343933022,0.004672307134372638,0.01045239269819237,1.1102230246251565e-16,-8.858189515237314e-09,2.220446049250313e-16,8.858189626259616e-09,8.858189737281918e-09,0.09045015681978345,0.07003503810937581
ICOD-r16_to_CS-r16,y,irno,3,24,corrected_lmax24,2562,1536,0.07003503810937581,0.09045015681978345,0.00443924647553794,0.004479219112383586,0.009740357191943938,1.1102230246251565e-16,-2.142799493398684e-09,2.220446049250313e-16,2.1427996044209863e-09,2.1427997154432887e-09,0.09045015681978345,0.07003503810937581
ICOD-r16_to_CS-r16,z,tempest,-1,-1,tempest,2562,1536,0.07003503810937581,0.09045015681978345,0.003410958903316442,0.0034029692243631696,0.004644979589003395,9.319989058731437e-06,9.319989059286549e-06,-2.220446049250313e-16,5.551115123125783e-16,9.319989059508593e-06,0.09045015681978345,0.07003503810937581
ICOD-r16_to_CS-r16,z,irno,0,0,base,2562,1536,0.07003503810937581,0.09045015681978345,0.005161605958058728,0.005121411911104413,0.011100480423490294,9.319989058731437e-06,9.308186454948242e-06,-2.220446049250313e-16,1.1802603783195309e-08,9.308186455170286e-06,0.09045015681978345,0.07003503810937581
ICOD-r16_to_CS-r16,z,irno,1,8,corrected_lmax8,2562,1536,0.07003503810937581,0.09045015681978345,0.0050044692912786706,0.00496333769490367,0.010693065841847961,9.319989058731437e-06,9.311330602002066e-06,-2.220446049250313e-16,8.658456729371267e-09,9.31133060222411e-06,0.09045015681978345,0.07003503810937581
ICOD-r16_to_CS-r16,z,irno,2,16,corrected_lmax16,2562,1536,0.07003503810937581,0.09045015681978345,0.004853820144061805,0.00481101519429409,0.010323652384305625,9.319989058731437e-06,9.311970192771302e-06,-2.220446049250313e-16,8.018865960135457e-09,9.311970192993346e-06,0.09045015681978345,0.07003503810937581
ICOD-r16_to_CS-r16,z,irno,3,24,corrected_lmax24,2562,1536,0.07003503810937581,0.09045015681978345,0.004722219613676146,0.0046768670403950045,0.01000882930552996,9.319989058731437e-06,9.298561572834707e-06,-2.220446049250313e-16,2.1427485896730047e-08,9.298561573056752e-06,0.09045015681978345,0.07003503810937581
ICOD-r32_to_CS-r32,smooth1,tempest,-1,-1,tempest,10242,6144,0.03502777458838404,0.04522507840989173,0.00035760564936563065,0.0003526748780915474,0.003083464872684183,12.566370878836032,12.566370878836032,12.566370614359172,0.0,2.644768599679992e-07,0.04522507840989173,0.03502777458838404
ICOD-r32_to_CS-r32,smooth1,irno,0,0,base,10242,6144,0.03502777458838404,0.04522507840989173,0.0004010574081704131,0.0003971423808454219,0.003078713916827347,12.566370878836032,12.566370878230016,12.566370614359172,6.060165702592712e-10,2.638708433977399e-07,0.04522507840989173,0.03502777458838404
ICOD-r32_to_CS-r32,smooth1,irno,1,8,corrected_lmax8,10242,6144,0.03502777458838404,0.04522507840989173,0.0003874030264488163,0.0003839676928989794,0.003052695048981313,12.566370878836032,12.56637088192401,12.566370614359172,3.087977873406089e-09,2.675648378414053e-07,0.04522507840989173,0.03502777458838404
ICOD-r32_to_CS-r32,smooth1,irno,2,16,corrected_lmax16,10242,6144,0.03502777458838404,0.04522507840989173,0.0003884639672707947,0.00038540346633051845,0.00307127963199616,12.566370878836032,12.566370894144285,12.566370614359172,1.530825244344669e-08,2.797851124114459e-07,0.04522507840989173,0.03502777458838404
ICOD-r32_to_CS-r32,smooth1,irno,3,24,corrected_lmax24,10242,6144,0.03502777458838404,0.04522507840989173,0.0004005247282779872,0.00039777602438536875,0.0031159592269977,12.566370878836032,12.566370877432202,12.566370614359172,1.4038299411822663e-09,2.630730300268169e-07,0.04522507840989173,0.03502777458838404
ICOD-r32_to_CS-r32,smooth2,tempest,-1,-1,tempest,10242,6144,0.03502777458838404,0.04522507840989173,0.00041988378979649325,0.00042114090662739157,0.0028460843203386155,13.231172677916465,13.231172677916465,13.231171822700507,0.0,8.552159584951369e-07,0.04522507840989173,0.03502777458838404
ICOD-r32_to_CS-r32,smooth2,irno,0,0,base,10242,6144,0.03502777458838404,0.04522507840989173,0.0004171686546037573,0.0004164976122370592,0.0024386506847768885,13.231172677916465,13.231172675113717,13.231171822700507,2.802748255703591e-09,8.524132102394333e-07,0.04522507840989173,0.03502777458838404
ICOD-r32_to_CS-r32,smooth2,irno,1,8,corrected_lmax8,10242,6144,0.03502777458838404,0.04522507840989173,0.00039972869711541516,0.0003989633621186599,0.0025139189035003895,13.231172677916465,13.231172680332646,13.231171822700507,2.4161810330269873e-09,8.576321395281639e-07,0.04522507840989173,0.03502777458838404
ICOD-r32_to_CS-r32,smooth2,irno,2,16,corrected_lmax16,10242,6144,0.03502777458838404,0.04522507840989173,0.0004030417725235967,0.0004024620841497606,0.0025851089746220524,13.231172677916465,13.23117269510989,13.231171822700507,1.719342535011492e-08,8.724093838452518e-07,0.04522507840989173,0.03502777458838404
ICOD-r32_to_CS-r32,smooth2,irno,3,24,corrected_lmax24,10242,6144,0.03502777458838404,0.04522507840989173,0.0004192446563806057,0.0004190192814343852,0.002671191674148643,13.231172677916465,13.231172675105373,13.231171822700507,2.811091803778254e-09,8.524048666913586e-07,0.04522507840989173,0.03502777458838404
ICOD-r32_to_CS-r32,x,tempest,-1,-1,tempest,10242,6144,0.03502777458838404,0.04522507840989173,0.001241243457415495,0.0012373116505669294,0.002520297642843339,-3.3306690738754696e-16,-5.551115123125783e-16,-3.3306690738754696e-16,2.220446049250313e-16,2.220446049250313e-16,0.04522507840989173,0.03502777458838404
ICOD-r32_to_CS-r32,x,irno,0,0,base,10242,6144,0.03502777458838404,0.04522507840989173,0.0012962440886832695,0.0012875112518612667,0.0030901361397251866,-3.3306690738754696e-16,-4.526605756893787e-09,-3.3306690738754696e-16,4.526605423826879e-09,4.526605423826879e-09,0.04522507840989173,0.03502777458838404
ICOD-r32_to_CS-r32,x,irno,1,8,corrected_lmax8,10242,6144,0.03502777458838404,0.04522507840989173,0.0012310791554790322,0.0012231637191107397,0.0029185786098057803,-3.3306690738754696e-16,-1.483923539602472e-10,-3.3306690738754696e-16,1.483920208933398e-10,1.483920208933398e-10,0.04522507840989173,0.03502777458838404
ICOD-r32_to_CS-r32,x,irno,2,16,corrected_lmax16,10242,6144,0.03502777458838404,0.04522507840989173,0.0012338227102985553,0.0012268788763779592,0.0028402190181821066,-3.3306690738754696e-16,2.1756416668239353e-09,-3.3306690738754696e-16,2.1756419998908427e-09,2.1756419998908427e-09,0.04522507840989173,0.03502777458838404
ICOD-r32_to_CS-r32,x,irno,3,24,corrected_lmax24,10242,6144,0.03502777458838404,0.04522507840989173,0.0012830406416778869,0.0012770283536954177,0.002901128027254049,-3.3306690738754696e-16,1.5706417832994646e-09,-3.3306690738754696e-16,1.570642116366372e-09,1.570642116366372e-09,0.04522507840989173,0.03502777458838404
ICOD-r32_to_CS-r32,y,tempest,-1,-1,tempest,10242,6144,0.03502777458838404,0.04522507840989173,0.0012311554177156727,0.0012318625428247123,0.0027573582314817935,0.0,0.0,4.440892098500626e-16,0.0,4.440892098500626e-16,0.04522507840989173,0.03502777458838404
ICOD-r32_to_CS-r32,y,irno,0,0,base,10242,6144,0.03502777458838404,0.04522507840989173,0.0012934549582616557,0.001294768604405922,0.002614931093929601,0.0,1.7751756731243518e-08,4.440892098500626e-16,1.7751756731243518e-08,1.7751756287154308e-08,0.04522507840989173,0.03502777458838404
ICOD-r32_to_CS-r32,y,irno,1,8,corrected_lmax8,10242,6144,0.03502777458838404,0.04522507840989173,0.0012477756483722836,0.0012496058083229942,0.002480422415725908,0.0,2.983547187085378e-09,4.440892098500626e-16,2.983547187085378e-09,2.983546742996168e-09,0.04522507840989173,0.03502777458838404
ICOD-r32_to_CS-r32,y,irno,2,16,corrected_lmax16,10242,6144,0.03502777458838404,0.04522507840989173,0.0012607554744803113,0.0012629681365547314,0.002420095427986102,0.0,4.735369207864437e-09,4.440892098500626e-16,4.735369207864437e-09,4.735368763775227e-09,0.04522507840989173,0.03502777458838404
ICOD-r32_to_CS-r32,y,irno,3,24,corrected_lmax24,10242,6144,0.03502777458838404,0.04522507840989173,0.001316047883531369,0.001318689300756665,0.002593699370215141,0.0,2.3259809633913164e-09,4.440892098500626e-16,2.3259809633913164e-09,2.3259805193021066e-09,0.04522507840989173,0.03502777458838404
ICOD-r32_to_CS-r32,z,tempest,-1,-1,tempest,10242,6144,0.03502777458838404,0.04522507840989173,0.0016120197156098603,0.0016024897052531388,0.0022518862411129437,2.644768591242297e-06,2.6447685915198527e-06,0.0,2.7755575615628914e-16,2.6447685915198527e-06,0.04522507840989173,0.03502777458838404
ICOD-r32_to_CS-r32,z,irno,0,0,base,10242,6144,0.03502777458838404,0.04522507840989173,0.0015131287306155545,0.0015042754637955486,0.0027681153461917296,2.644768591242297e-06,2.652785573376004e-06,0.0,8.016982133707273e-09,2.652785573376004e-06,0.04522507840989173,0.03502777458838404
ICOD-r32_to_CS-r32,z,irno,1,8,corrected_lmax8,10242,6144,0.03502777458838404,0.04522507840989173,0.0014627925575927219,0.0014551999046394138,0.002712176838484903,2.644768591242297e-06,2.633101888804834e-06,0.0,1.1666702437462817e-08,2.633101888804834e-06,0.04522507840989173,0.03502777458838404
ICOD-r32_to_CS-r32,z,irno,2,16,corrected_lmax16,10242,6144,0.03502777458838404,0.04522507840989173,0.001491145354519351,0.0014838424561828532,0.0027784933597909123,2.644768591242297e-06,2.641624822719013e-06,0.0,3.1437685232837964e-09,2.641624822719013e-06,0.04522507840989173,0.03502777458838404
ICOD-r32_to_CS-r32,z,irno,3,24,corrected_lmax24,10242,6144,0.03502777458838404,0.04522507840989173,0.0015739735665570402,0.0015659088474569063,0.0029012517358480427,2.644768591242297e-06,2.6470276099921364e-06,0.0,2.25901874983947e-09,2.6470276099921364e-06,0.04522507840989173,0.03502777458838404
ICOD-r64_to_CS-r64,smooth1,tempest,-1,-1,tempest,40962,24576,0.01751516994000965,0.02261253920494578,0.00016159995348236756,0.0001600548815427152,0.0015353526638871573,12.566370684537135,12.566370684537135,12.566370614359073,0.0,7.017806247233693e-08,0.02261253920494578,0.01751516994000965
ICOD-r64_to_CS-r64,smooth1,irno,0,0,base,40962,24576,0.01751516994000965,0.02261253920494578,0.0006354954671658293,0.0006361414987137041,0.001852347939030441,12.566370684537135,12.566370676803535,12.566370614359073,7.733600426718112e-09,6.244446204561882e-08,0.02261253920494578,0.01751516994000965
ICOD-r64_to_CS-r64,smooth1,irno,1,8,corrected_lmax8,40962,24576,0.01751516994000965,0.02261253920494578,0.0006624983876140345,0.0006634300719237172,0.0020843846979436975,12.566370684537135,12.566370668978212,12.566370614359073,1.5558923038838657e-08,5.4619139433498276e-08,0.02261253920494578,0.01751516994000965
ICOD-r64_to_CS-r64,smooth1,irno,2,16,corrected_lmax16,40962,24576,0.01751516994000965,0.02261253920494578,0.0006935299473923946,0.00069472427284653,0.002373029898139367,12.566370684537135,12.566370669061142,12.566370614359073,1.5475993819791256e-08,5.470206865254568e-08,0.02261253920494578,0.01751516994000965
ICOD-r64_to_CS-r64,smooth1,irno,3,24,corrected_lmax24,40962,24576,0.01751516994000965,0.02261253920494578,0.0007246954204489061,0.0007261304106162794,0.002673263594438313,12.566370684537135,12.566370670479104,12.566370614359073,1.4058031183594721e-08,5.612003128874221e-08,0.02261253920494578,0.01751516994000965
ICOD-r64_to_CS-r64,smooth2,tempest,-1,-1,tempest,40962,24576,0.01751516994000965,0.02261253920494578,0.00020315263733336117,0.00020448401824791314,0.0011938287375214962,13.231172207224049,13.231172207224049,13.231171988743416,0.0,2.184806326965827e-07,0.02261253920494578,0.01751516994000965
ICOD-r64_to_CS-r64,smooth2,irno,0,0,base,40962,24576,0.01751516994000965,0.02261253920494578,0.0006451595148366669,0.0006482441322496213,0.0023178031010089306,13.231172207224049,13.23117219934855,13.231171988743416,7.875499363763083e-09,2.106051333328196e-07,0.02261253920494578,0.01751516994000965
ICOD-r64_to_CS-r64,smooth2,irno,1,8,corrected_lmax8,40962,24576,0.01751516994000965,0.02261253920494578,0.000677338765716199,0.0006808589123872593,0.0025541834571813915,13.231172207224049,13.231172191308715,13.231171988743416,1.5915333051452762e-08,2.0256529964512993e-07,0.02261253920494578,0.01751516994000965
ICOD-r64_to_CS-r64,smooth2,irno,2,16,corrected_lmax16,40962,24576,0.01751516994000965,0.02261253920494578,0.000712495307108588,0.0007165305455476199,0.002830514764191161,13.231172207224049,13.231172190434911,13.231171988743416,1.678913719160846e-08,2.0169149550497423e-07,0.02261253920494578,0.01751516994000965
ICOD-r64_to_CS-r64,smooth2,irno,3,24,corrected_lmax24,40962,24576,0.01751516994000965,0.02261253920494578,0.0007471069777309411,0.0007517455623379123,0.0031073639210945636,13.231172207224049,13.23117219037086,13.231171988743416,1.6853189066523555e-08,2.0162744363005913e-07,0.02261253920494578,0.01751516994000965
ICOD-r64_to_CS-r64,x,tempest,-1,-1,tempest,40962,24576,0.01751516994000965,0.02261253920494578,0.0005998476381549536,0.0005988765803279007,0.0013148262693486318,-5.551115123125783e-16,-6.661338147750939e-16,-4.996003610813204e-16,1.1102230246251565e-16,1.6653345369377348e-16,0.02261253920494578,0.01751516994000965
ICOD-r64_to_CS-r64,x,irno,0,0,base,40962,24576,0.01751516994000965,0.02261253920494578,0.0010150444136731896,0.0010320596651478115,0.002117668029261277,-5.551115123125783e-16,2.691105671637217e-10,-4.996003610813204e-16,2.6911112227523404e-10,2.691110667640828e-10,0.02261253920494578,0.01751516994000965
ICOD-r64_to_CS-r64,x,irno,1,8,corrected_lmax8,40962,24576,0.01751516994000965,0.02261253920494578,0.00107694529957162,0.0010946295673174306,0.002264763681373738,-5.551115123125783e-16,-8.681717011960188e-10,-4.996003610813204e-16,8.681711460845065e-10,8.681712015956577e-10,0.02261253920494578,0.01751516994000965
ICOD-r64_to_CS-r64,x,irno,2,16,corrected_lmax16,40962,24576,0.01751516994000965,0.02261253920494578,0.0011537713563685912,0.0011725457835173507,0.0025515002601920467,-5.551115123125783e-16,3.84467813141498e-09,-4.996003610813204e-16,3.8446786865264926e-09,3.844678631015341e-09,0.02261253920494578,0.01751516994000965
ICOD-r64_to_CS-r64,x,irno,3,24,corrected_lmax24,40962,24576,0.01751516994000965,0.02261253920494578,0.0012399148127600148,0.0012600345364466054,0.002980350974331636,-5.551115123125783e-16,-1.3157866463053836e-09,-4.996003610813204e-16,1.3157860911938712e-09,1.3157861467050225e-09,0.02261253920494578,0.01751516994000965
ICOD-r64_to_CS-r64,y,tempest,-1,-1,tempest,40962,24576,0.01751516994000965,0.02261253920494578,0.000596126812301446,0.0005971650516379526,0.0011872710114101404,-5.551115123125783e-17,0.0,-2.220446049250313e-16,5.551115123125783e-17,2.220446049250313e-16,0.02261253920494578,0.01751516994000965
ICOD-r64_to_CS-r64,y,irno,0,0,base,40962,24576,0.01751516994000965,0.02261253920494578,0.0010943700980393033,0.0010966969070158998,0.002454696028226927,-5.551115123125783e-17,-1.3437615464795272e-09,-2.220446049250313e-16,1.343761490968376e-09,1.3437613244349222e-09,0.02261253920494578,0.01751516994000965
ICOD-r64_to_CS-r64,y,irno,1,8,corrected_lmax8,40962,24576,0.01751516994000965,0.02261253920494578,0.0011438154488402669,0.001147148884184671,0.0025505929480343185,-5.551115123125783e-17,4.546657494941542e-09,-2.220446049250313e-16,4.546657550452693e-09,4.546657716986147e-09,0.02261253920494578,0.01751516994000965
ICOD-r64_to_CS-r64,y,irno,2,16,corrected_lmax16,40962,24576,0.01751516994000965,0.02261253920494578,0.0012072942116826424,0.0012124631806072347,0.0027479557498504203,-5.551115123125783e-17,3.4629892287085795e-09,-2.220446049250313e-16,3.4629892842197307e-09,3.4629894507531844e-09,0.02261253920494578,0.01751516994000965
ICOD-r64_to_CS-r64,y,irno,3,24,corrected_lmax24,40962,24576,0.01751516994000965,0.02261253920494578,0.0012794225655612108,0.0012868655879653419,0.0029833671865913385,-5.551115123125783e-17,5.65857760648214e-09,-2.220446049250313e-16,5.6585776619932915e-09,5.658577828526745e-09,0.02261253920494578,0.01751516994000965
ICOD-r64_to_CS-r64,z,tempest,-1,-1,tempest,40962,24576,0.01751516994000965,0.02261253920494578,0.0008007293491037465,0.0007946700469348312,0.0011560277172721345,7.017806344933319e-07,7.017806341047539e-07,1.1102230246251565e-16,3.885780586188048e-16,7.017806339937316e-07,0.02261253920494578,0.01751516994000965
ICOD-r64_to_CS-r64,z,irno,0,0,base,40962,24576,0.01751516994000965,0.02261253920494578,0.0010480170345477026,0.0010581326460021095,0.0021378695481419907,7.017806344933319e-07,7.016339912402358e-07,1.1102230246251565e-16,1.466432530961015e-10,7.016339911292135e-07,0.02261253920494578,0.01751516994000965
ICOD-r64_to_CS-r64,z,irno,1,8,corrected_lmax8,40962,24576,0.01751516994000965,0.02261253920494578,0.0011173972197444713,0.0011266050189863877,0.0023390302626986603,7.017806344933319e-07,6.990182655486343e-07,1.1102230246251565e-16,2.762368944697613e-09,6.99018265437612e-07,0.02261253920494578,0.01751516994000965
ICOD-r64_to_CS-r64,z,irno,2,16,corrected_lmax16,40962,24576,0.01751516994000965,0.02261253920494578,0.001202979384678315,0.001211765893528317,0.0025947827336183504,7.017806344933319e-07,7.068247126484906e-07,1.1102230246251565e-16,5.0440781551586156e-09,7.068247125374683e-07,0.02261253920494578,0.01751516994000965
ICOD-r64_to_CS-r64,z,irno,3,24,corrected_lmax24,40962,24576,0.01751516994000965,0.02261253920494578,0.0012958191465631157,0.0013046760351436964,0.0028789024431760124,7.017806344933319e-07,7.059670492082226e-07,1.1102230246251565e-16,4.186414714890674e-09,7.059670490972003e-07,0.02261253920494578,0.01751516994000965
ICOD-r128_to_CS-r128,smooth1,tempest,-1,-1,tempest,163842,98304,0.008757745322749349,0.011306269602472774,7.8003388429233e-05,7.741915823161417e-05,0.0007662674999314723,12.566370632416572,12.566370632416573,12.566370614358835,1.7763568394002505e-15,1.8057738415677704e-08,0.011306269602472774,0.008757745322749349
ICOD-r128_to_CS-r128,smooth1,irno,0,0,base,163842,98304,0.008757745322749349,0.011306269602472774,0.0006291019889510402,0.000627645810939456,0.0018983898459659088,12.566370632416572,12.566370633721577,12.566370614358835,1.3050058811359122e-09,1.9362742520456777e-08,0.011306269602472774,0.008757745322749349
ICOD-r128_to_CS-r128,smooth1,irno,1,8,corrected_lmax8,163842,98304,0.008757745322749349,0.011306269602472774,0.0006752045456848173,0.000673733046441748,0.002065641491748038,12.566370632416572,12.566370629479728,12.566370614358835,2.9368436571530765e-09,1.512089298216779e-08,0.011306269602472774,0.008757745322749349
ICOD-r128_to_CS-r128,smooth1,irno,2,16,corrected_lmax16,163842,98304,0.008757745322749349,0.011306269602472774,0.00072950627739957,0.0007279176066022241,0.0022590574550384046,12.566370632416572,12.566370632485771,12.566370614358835,6.919975703567616e-11,1.812693639635654e-08,0.011306269602472774,0.008757745322749349
ICOD-r128_to_CS-r128,smooth1,irno,3,24,corrected_lmax24,163842,98304,0.008757745322749349,0.011306269602472774,0.0007906469841908004,0.0007888603561671473,0.002478032193977131,12.566370632416572,12.566370632790925,12.566370614358835,3.743529930488876e-10,1.8432089632369753e-08,0.011306269602472774,0.008757745322749349
ICOD-r128_to_CS-r128,smooth2,tempest,-1,-1,tempest,163842,98304,0.008757745322749349,0.011306269602472774,9.940774181344355e-05,0.00010011487421747438,0.0006902191599833518,13.231172085338375,13.231172085338375,13.231172030156747,0.0,5.5181628155764884e-08,0.011306269602472774,0.008757745322749349
ICOD-r128_to_CS-r128,smooth2,irno,0,0,base,163842,98304,0.008757745322749349,0.011306269602472774,0.0006280167565492578,0.0006293909005479726,0.0022180876671227256,13.231172085338375,13.231172087103994,13.231172030156747,1.765618762306076e-09,5.694724691807096e-08,0.011306269602472774,0.008757745322749349
ICOD-r128_to_CS-r128,smooth2,irno,1,8,corrected_lmax8,163842,98304,0.008757745322749349,0.011306269602472774,0.0006732516082141863,0.0006748950277293232,0.0024107778161521765,13.231172085338375,13.231172082193083,13.231172030156747,3.1452920268293383e-09,5.2036336128935545e-08,0.011306269602472774,0.008757745322749349
ICOD-r128_to_CS-r128,smooth2,irno,2,16,corrected_lmax16,163842,98304,0.008757745322749349,0.011306269602472774,0.0007255380971685833,0.0007274397547313504,0.0026253098991497748,13.231172085338375,13.231172084856976,13.231172030156747,4.813998089048255e-10,5.470022834686006e-08,0.011306269602472774,0.008757745322749349
ICOD-r128_to_CS-r128,smooth2,irno,3,24,corrected_lmax24,163842,98304,0.008757745322749349,0.011306269602472774,0.0007838762915178202,0.0007860503697259627,0.0028607162216152116,13.231172085338375,13.231172085281994,13.231172030156747,5.638156608256395e-11,5.512524658968232e-08,0.011306269602472774,0.008757745322749349
ICOD-r128_to_CS-r128,x,tempest,-1,-1,tempest,163842,98304,0.008757745322749349,0.011306269602472774,0.000294598314886506,0.0002942707327771674,0.0006732843108244735,5.10702591327572e-15,5.218048215738236e-15,5.218048215738236e-15,1.1102230246251565e-16,0.0,0.011306269602472774,0.008757745322749349
ICOD-r128_to_CS-r128,x,irno,0,0,base,163842,98304,0.008757745322749349,0.011306269602472774,0.0008393669067664688,0.0008511327873528703,0.0019668357976724282,5.10702591327572e-15,6.97457147591507e-10,5.218048215738236e-15,6.974520405655937e-10,6.974519295432913e-10,0.011306269602472774,0.008757745322749349
ICOD-r128_to_CS-r128,x,irno,1,8,corrected_lmax8,163842,98304,0.008757745322749349,0.011306269602472774,0.0008954518786727051,0.0009076695748558807,0.002185333754998575,5.10702591327572e-15,-1.6917892087242592e-09,5.218048215738236e-15,1.6917943157501725e-09,1.691794426772475e-09,0.011306269602472774,0.008757745322749349
ICOD-r128_to_CS-r128,x,irno,2,16,corrected_lmax16,163842,98304,0.008757745322749349,0.011306269602472774,0.0009642994707928486,0.000976944714966568,0.002444516778568828,5.10702591327572e-15,5.763500787736575e-10,5.218048215738236e-15,5.763449717477442e-10,5.763448607254418e-10,0.011306269602472774,0.008757745322749349
ICOD-r128_to_CS-r128,x,irno,3,24,corrected_lmax24,163842,98304,0.008757745322749349,0.011306269602472774,0.0010447613184635795,0.0010578004094210901,0.0027449346892136073,5.10702591327572e-15,-5.897274890642734e-10,5.218048215738236e-15,5.897325960901867e-10,5.897327071124892e-10,0.011306269602472774,0.008757745322749349
ICOD-r128_to_CS-r128,y,tempest,-1,-1,tempest,163842,98304,0.008757745322749349,0.011306269602472774,0.00029431175376820254,0.00029480337321074145,0.0006944449879088821,-2.1760371282653068e-14,-2.1538326677728037e-14,-2.220446049250313e-14,2.220446049250313e-16,6.661338147750939e-16,0.011306269602472774,0.008757745322749349
ICOD-r128_to_CS-r128,y,irno,0,0,base,163842,98304,0.008757745322749349,0.011306269602472774,0.0009425605718937735,0.0009299390260525081,0.001986908637095386,-2.1760371282653068e-14,3.2987914622140124e-09,-2.220446049250313e-14,3.298813222585295e-09,3.298813666674505e-09,0.011306269602472774,0.008757745322749349
ICOD-r128_to_CS-r128,y,irno,1,8,corrected_lmax8,163842,98304,0.008757745322749349,0.011306269602472774,0.0010024384148120237,0.0009894072758808777,0.0020520172905310746,-2.1760371282653068e-14,4.321049074107464e-09,-2.220446049250313e-14,4.321070834478746e-09,4.321071278567956e-09,0.011306269602472774,0.008757745322749349
ICOD-r128_to_CS-r128,y,irno,2,16,corrected_lmax16,163842,98304,0.008757745322749349,0.011306269602472774,0.001076436700254313,0.0010630697901776254,0.0021608082730286138,-2.1760371282653068e-14,5.86553539072554e-09,-2.220446049250313e-14,5.865557151096823e-09,5.865557595186033e-09,0.011306269602472774,0.008757745322749349
ICOD-r128_to_CS-r128,y,irno,3,24,corrected_lmax24,163842,98304,0.008757745322749349,0.011306269602472774,0.0011631216061067243,0.001149458645274112,0.0023120133987914737,-2.1760371282653068e-14,5.284024107155005e-09,-2.220446049250313e-14,5.284045867526288e-09,5.284046311615498e-09,0.011306269602472774,0.008757745322749349
ICOD-r128_to_CS-r128,z,tempest,-1,-1,tempest,163842,98304,0.008757745322749349,0.011306269602472774,0.00039723574481025526,0.00039427508843486054,0.0006226113783198706,1.805773144347711e-07,1.8057731387965958e-07,-6.039613253960852e-14,5.551115123125783e-16,1.8057737427579212e-07,0.011306269602472774,0.008757745322749349
ICOD-r128_to_CS-r128,z,irno,0,0,base,163842,98304,0.008757745322749349,0.011306269602472774,0.0008428281177717665,0.0008530784520008561,0.0017017585767328813,1.805773144347711e-07,1.7849192335273045e-07,-6.039613253960852e-14,2.085391082040644e-09,1.78491983748863e-07,0.011306269602472774,0.008757745322749349
ICOD-r128_to_CS-r128,z,irno,1,8,corrected_lmax8,163842,98304,0.008757745322749349,0.011306269602472774,0.0009040584753018235,0.0009139187859586142,0.0018926758801183774,1.805773144347711e-07,1.774435099410887e-07,-6.039613253960852e-14,3.1338044936823906e-09,1.7744357033722125e-07,0.011306269602472774,0.008757745322749349
ICOD-r128_to_CS-r128,z,irno,2,16,corrected_lmax16,163842,98304,0.008757745322749349,0.011306269602472774,0.000978960425433882,0.0009884168719873614,0.0021255794845734532,1.805773144347711e-07,1.781130344880033e-07,-6.039613253960852e-14,2.464279946767789e-09,1.7811309488413585e-07,0.011306269602472774,0.008757745322749349
ICOD-r128_to_CS-r128,z,irno,3,24,corrected_lmax24,163842,98304,0.008757745322749349,0.011306269602472774,0.001065578361010212,0.0010747318690130364,0.002389598638855711,1.805773144347711e-07,1.7721710859897044e-07,-6.039613253960852e-14,3.360205835800656e-09,1.7721716899510298e-07,0.011306269602472774,0.008757745322749349
